"(71, 249)","(71, 248)","(71, 247)","(71, 245)","(71, 244)","(71, 243)","(71, 242)","(71, 241)","(71, 240)","(71, 239)","(71, 237)","(71, 236)","(71, 235)","(70, 234)","(70, 233)","(70, 232)","(70, 230)","(70, 229)","(70, 228)","(70, 227)","(71, 226)","(71, 224)","(71, 223)","(72, 222)","(72, 221)","(74, 219)","(74, 218)","(75, 218)","(75, 217)","(75, 216)","(76, 214)","(78, 213)","(78, 212)","(79, 209)","(79, 208)","(80, 207)","(80, 205)","(80, 204)","(82, 202)","(83, 201)","(83, 199)","(85, 198)","(86, 196)","(88, 195)","(88, 192)","(89, 191)","(89, 190)","(90, 190)","(90, 188)","(90, 187)","(92, 187)","(92, 185)","(93, 183)","(93, 182)","(95, 180)","(96, 179)","(98, 178)","(99, 176)","(100, 175)","(102, 173)","(103, 172)","(105, 170)","(107, 169)","(109, 167)","(110, 165)","(112, 163)","(113, 162)","(115, 160)","(116, 159)","(118, 157)","(119, 156)","(121, 154)","(121, 153)","(122, 151)","(124, 150)","(125, 148)","(127, 147)","(129, 145)","(130, 144)","(133, 142)","(134, 141)","(136, 139)","(138, 137)","(140, 136)","(142, 134)","(144, 133)","(146, 130)","(148, 129)","(149, 129)","(152, 127)","(153, 126)","(155, 124)","(157, 123)","(158, 121)","(160, 120)","(161, 118)","(164, 117)","(165, 115)","(167, 114)","(168, 112)","(170, 112)","(172, 111)","(173, 109)","(175, 108)","(176, 106)","(178, 106)","(180, 105)","(182, 103)","(183, 102)","(185, 102)","(186, 100)","(188, 99)","(189, 99)","(190, 99)","(192, 97)","(193, 96)","(195, 96)","(196, 96)","(199, 94)","(200, 94)","(201, 94)","(203, 93)","(204, 93)","(206, 91)","(207, 91)","(209, 90)","(210, 89)","(212, 89)","(213, 89)","(215, 87)","(216, 87)","(217, 87)","(219, 86)","(220, 86)","(220, 84)","(221, 84)","(223, 84)","(224, 84)","(226, 84)","(227, 84)","(228, 84)","(230, 84)","(231, 84)","(232, 84)","(233, 84)"
"(161, 343)","(161, 342)","(161, 341)","(162, 339)","(162, 338)","(162, 337)","(163, 336)","(163, 334)","(163, 333)","(163, 332)","(163, 330)","(163, 329)","(165, 328)","(166, 326)","(166, 325)","(167, 324)","(167, 322)","(167, 321)","(167, 320)","(167, 318)","(167, 317)","(167, 316)","(167, 314)","(167, 312)","(169, 311)","(169, 309)","(169, 308)","(170, 306)","(170, 304)","(172, 303)","(172, 301)","(173, 299)","(175, 298)","(175, 296)","(176, 295)","(177, 292)","(179, 291)","(180, 289)","(182, 287)","(183, 285)","(185, 283)","(186, 281)","(188, 279)","(190, 277)","(190, 275)","(192, 273)","(194, 270)","(194, 269)","(196, 267)","(197, 264)","(199, 263)","(200, 260)","(202, 259)","(203, 256)","(205, 254)","(207, 252)","(209, 249)","(211, 248)","(213, 245)","(215, 243)","(217, 242)","(218, 239)","(220, 238)","(222, 235)","(224, 234)","(225, 231)","(228, 230)","(229, 228)","(232, 226)","(234, 224)","(236, 223)","(238, 221)","(240, 219)","(243, 217)","(245, 216)","(247, 214)","(249, 212)","(251, 212)","(253, 210)","(255, 209)","(258, 209)","(260, 207)","(262, 205)","(266, 204)","(270, 202)","(274, 200)","(278, 198)","(282, 198)","(286, 196)","(290, 194)","(294, 193)","(300, 191)","(306, 189)","(312, 188)","(316, 186)","(320, 184)","(324, 184)","(328, 183)","(334, 181)","(340, 179)","(346, 178)","(350, 178)","(354, 176)","(358, 176)","(362, 174)","(367, 174)","(371, 173)","(375, 171)","(379, 171)","(383, 169)","(387, 168)","(391, 168)","(395, 166)","(399, 164)","(404, 163)","(408, 163)","(412, 163)","(416, 161)","(420, 161)","(424, 161)","(428, 161)","(432, 160)","(436, 160)","(440, 158)","(444, 158)","(448, 156)","(452, 156)","(456, 155)","(461, 155)","(465, 155)","(469, 153)","(473, 153)","(477, 153)","(481, 153)","(485, 151)","(489, 151)"
"(251, 447)","(251, 446)","(252, 446)","(252, 445)","(252, 444)","(253, 444)","(253, 443)","(253, 442)","(254, 442)","(254, 441)","(254, 440)","(255, 438)","(255, 437)","(255, 436)","(255, 435)","(255, 433)","(255, 432)","(257, 431)","(257, 429)","(257, 427)","(257, 425)","(258, 424)","(258, 422)","(258, 421)","(258, 420)","(258, 418)","(258, 416)","(259, 415)","(259, 413)","(259, 412)","(259, 410)","(259, 408)","(259, 406)","(259, 404)","(259, 402)","(259, 400)","(261, 398)","(261, 396)","(262, 394)","(264, 391)","(264, 390)","(264, 388)","(264, 386)","(265, 384)","(267, 382)","(267, 380)","(268, 378)","(268, 376)","(270, 373)","(271, 371)","(273, 369)","(275, 366)","(277, 364)","(279, 362)","(280, 360)","(282, 358)","(283, 357)","(285, 355)","(287, 354)","(289, 351)","(291, 350)","(293, 348)","(295, 347)","(299, 344)","(303, 343)","(308, 339)","(312, 337)","(314, 336)","(316, 333)","(319, 332)","(321, 330)","(324, 328)","(326, 325)","(328, 324)","(331, 321)","(335, 319)","(339, 317)","(343, 315)","(347, 312)","(351, 310)","(355, 308)","(359, 306)","(361, 306)","(363, 305)","(364, 303)","(366, 302)","(368, 300)","(370, 299)","(373, 297)","(375, 295)","(378, 294)","(380, 292)","(382, 290)","(386, 288)","(388, 287)","(390, 285)","(393, 284)","(395, 282)","(397, 282)","(398, 280)","(400, 280)","(402, 279)","(404, 279)","(407, 277)","(409, 276)","(410, 274)","(413, 274)","(415, 273)","(417, 271)","(420, 271)","(423, 270)","(427, 268)","(431, 267)","(435, 267)","(439, 265)","(441, 265)","(443, 263)","(445, 263)","(448, 262)","(450, 262)","(452, 260)","(456, 259)","(458, 259)","(460, 259)"
"(369, 520)","(369, 519)","(369, 518)","(369, 516)","(369, 515)","(369, 514)","(369, 513)","(369, 511)","(369, 510)","(369, 509)","(369, 507)","(369, 506)","(369, 505)","(369, 503)","(369, 501)","(369, 500)","(369, 498)","(369, 497)","(369, 496)","(369, 494)","(369, 492)","(369, 491)","(369, 489)","(369, 487)","(369, 485)","(369, 484)","(369, 482)","(369, 480)","(369, 478)","(369, 476)","(369, 474)","(370, 472)","(370, 470)","(372, 467)","(372, 466)","(372, 463)","(373, 461)","(375, 459)","(376, 457)","(378, 456)","(378, 454)","(378, 453)","(380, 451)","(380, 449)","(380, 447)","(381, 443)","(383, 439)","(385, 435)","(387, 431)","(388, 427)","(390, 423)","(392, 419)","(394, 415)","(397, 411)","(399, 407)","(401, 403)","(403, 399)","(405, 395)","(407, 391)","(408, 389)","(411, 387)","(413, 385)","(416, 382)","(418, 380)","(422, 376)","(426, 372)","(431, 368)","(435, 364)","(439, 359)","(443, 355)","(447, 351)","(451, 347)","(455, 343)","(460, 339)","(464, 334)","(468, 330)","(474, 326)","(480, 322)","(486, 320)","(492, 317)","(498, 315)","(504, 312)","(508, 311)","(512, 308)","(517, 306)","(521, 305)","(525, 303)","(529, 300)","(534, 299)","(538, 297)","(542, 294)","(546, 293)","(551, 291)","(555, 289)","(559, 288)","(563, 286)","(567, 284)","(571, 284)","(576, 283)","(580, 281)","(584, 279)","(588, 278)","(594, 276)","(599, 274)","(605, 274)","(609, 274)","(614, 273)","(618, 273)"
"(485, 520)","(485, 519)","(485, 518)","(486, 518)","(486, 517)","(486, 516)","(486, 514)","(486, 513)","(488, 512)","(488, 511)","(488, 510)","(489, 510)","(489, 508)","(489, 507)","(489, 505)","(490, 504)","(490, 503)","(492, 500)","(492, 499)","(492, 498)","(493, 496)","(493, 495)","(494, 495)","(494, 494)","(494, 492)","(494, 491)","(494, 490)","(496, 488)","(496, 487)","(497, 485)","(498, 483)","(500, 481)","(500, 480)","(502, 477)","(502, 475)","(504, 474)","(505, 471)","(507, 470)","(508, 468)","(508, 467)","(510, 465)","(511, 464)","(513, 462)","(514, 460)","(516, 459)","(517, 456)","(519, 455)","(521, 453)","(522, 450)","(524, 448)","(526, 446)","(528, 443)","(529, 442)","(531, 440)","(533, 438)","(535, 436)","(537, 434)","(540, 432)","(542, 430)","(544, 428)","(546, 426)","(548, 424)","(551, 422)","(553, 421)","(555, 419)","(557, 417)","(559, 415)","(561, 413)","(563, 411)","(566, 409)","(570, 405)","(574, 404)","(575, 402)","(578, 400)","(580, 398)","(583, 396)","(585, 394)","(587, 392)","(590, 390)"
"(543, 70)","(544, 70)","(545, 70)","(545, 71)","(545, 72)","(546, 72)","(547, 72)","(547, 73)","(548, 73)","(550, 75)","(551, 75)","(551, 76)","(552, 77)","(552, 78)","(553, 78)","(554, 80)","(556, 81)","(557, 82)","(558, 82)","(560, 83)","(560, 85)","(561, 85)","(562, 86)","(564, 86)","(564, 87)","(565, 87)","(566, 89)","(566, 90)","(568, 90)","(569, 92)","(570, 92)","(570, 93)","(572, 93)","(572, 94)","(573, 94)","(573, 96)","(575, 98)","(576, 99)","(576, 101)","(576, 102)","(577, 102)","(577, 104)","(579, 105)","(580, 106)","(582, 108)","(582, 109)","(583, 111)","(585, 113)","(585, 114)","(586, 114)","(586, 116)","(586, 117)","(587, 117)","(587, 119)","(589, 119)","(590, 120)","(590, 121)","(592, 123)","(593, 125)","(595, 126)","(597, 128)","(598, 130)","(600, 132)","(601, 135)","(603, 136)","(604, 138)","(606, 140)","(607, 142)","(609, 143)","(610, 146)","(610, 147)","(612, 149)","(613, 150)","(613, 152)","(615, 153)","(616, 153)","(618, 155)","(619, 155)","(621, 157)","(622, 159)","(624, 161)","(625, 162)","(627, 164)","(628, 165)","(628, 167)","(630, 168)","(631, 170)","(633, 172)","(634, 173)","(636, 176)","(637, 177)","(639, 179)","(639, 180)","(640, 182)","(642, 184)","(642, 185)","(643, 187)","(643, 189)","(643, 191)","(645, 193)","(646, 194)","(648, 197)","(649, 198)","(649, 200)","(651, 201)","(651, 203)","(652, 204)","(654, 206)","(655, 206)","(655, 208)","(656, 209)","(658, 211)","(659, 212)","(659, 214)","(659, 215)","(661, 217)","(662, 220)","(664, 222)","(664, 224)","(664, 225)","(665, 227)","(665, 228)","(667, 230)","(667, 231)"
"(72, 325)","(72, 326)","(73, 326)","(73, 327)","(73, 328)","(73, 329)","(73, 330)","(73, 331)","(73, 333)","(73, 334)","(73, 335)","(73, 337)","(73, 338)","(73, 340)","(73, 341)","(75, 343)","(75, 344)","(75, 345)","(75, 347)","(75, 348)","(75, 349)","(75, 350)","(75, 352)","(76, 353)","(77, 353)","(79, 353)","(80, 353)","(82, 353)","(84, 353)","(84, 355)","(85, 357)","(85, 358)","(85, 361)","(85, 362)","(85, 364)","(87, 366)","(87, 367)","(88, 370)","(90, 371)","(90, 373)","(91, 374)","(91, 376)","(91, 377)","(93, 378)","(94, 380)","(94, 381)","(96, 383)","(96, 385)","(97, 387)","(97, 390)","(99, 392)","(100, 393)","(102, 396)","(102, 397)","(103, 399)","(105, 401)","(106, 402)","(108, 404)","(109, 405)","(111, 407)","(111, 408)","(112, 410)","(112, 411)","(112, 413)","(114, 414)","(115, 416)","(117, 417)","(118, 419)","(118, 420)","(118, 421)","(119, 423)","(119, 424)","(121, 426)","(121, 427)","(122, 429)","(122, 430)","(122, 431)","(124, 433)","(125, 434)","(125, 436)","(126, 437)","(126, 438)","(128, 440)","(128, 441)","(129, 442)","(131, 444)","(131, 445)","(132, 447)","(133, 448)","(133, 449)","(135, 451)","(135, 452)","(136, 452)","(136, 454)","(138, 454)","(138, 455)","(139, 456)","(139, 458)","(139, 459)","(139, 460)","(140, 462)","(140, 463)","(142, 463)","(142, 464)","(143, 466)","(144, 467)","(146, 468)","(147, 468)","(147, 470)","(148, 470)"
"(729, 293)","(729, 294)","(729, 295)","(729, 296)","(729, 297)","(729, 298)","(729, 299)","(729, 301)","(729, 302)","(727, 302)","(727, 303)","(727, 304)","(727, 306)","(727, 307)","(727, 308)","(727, 310)","(727, 311)","(727, 312)","(727, 315)","(727, 316)","(727, 318)","(727, 319)","(727, 320)","(727, 322)","(726, 323)","(726, 325)","(726, 326)","(726, 328)","(726, 330)","(726, 332)","(726, 334)","(726, 338)","(726, 339)","(726, 341)","(726, 342)","(726, 344)","(726, 346)","(726, 347)","(726, 349)","(726, 351)","(726, 352)","(726, 355)","(726, 357)","(726, 359)","(726, 361)","(726, 364)","(726, 365)","(726, 367)","(728, 370)","(728, 372)","(728, 373)","(728, 376)","(728, 378)","(728, 380)","(726, 383)","(726, 385)","(724, 387)","(724, 389)","(723, 392)","(723, 394)","(723, 396)","(721, 399)","(720, 401)","(720, 404)","(718, 406)","(718, 408)","(718, 411)","(718, 413)","(717, 415)","(717, 418)","(715, 420)","(715, 422)","(714, 424)","(712, 426)","(710, 428)","(709, 430)","(707, 432)","(707, 434)","(706, 436)","(704, 438)","(703, 439)","(701, 442)","(699, 444)","(699, 446)","(697, 448)","(696, 449)","(694, 452)","(693, 453)","(691, 455)","(690, 457)","(688, 458)","(686, 461)","(684, 462)","(683, 464)","(681, 465)","(679, 467)","(678, 468)","(676, 470)","(674, 471)","(672, 473)","(671, 474)","(669, 476)","(668, 478)","(666, 479)","(665, 481)","(663, 482)","(662, 482)","(660, 484)","(659, 485)","(657, 487)","(656, 487)","(654, 488)","(653, 488)","(650, 488)","(649, 489)","(648, 489)"
"(291, 135)","(291, 134)","(292, 134)","(292, 133)","(293, 133)","(293, 132)","(293, 131)","(294, 131)","(294, 130)","(295, 130)","(295, 129)","(297, 127)","(297, 126)","(298, 125)","(299, 125)","(301, 124)","(302, 122)","(303, 122)","(303, 121)","(305, 121)","(306, 120)","(306, 118)","(307, 118)","(309, 117)","(310, 117)","(311, 116)","(313, 114)","(314, 113)","(315, 113)","(317, 112)","(318, 112)","(319, 110)","(321, 110)","(322, 109)","(324, 107)","(325, 107)","(325, 106)","(326, 106)","(328, 105)","(330, 105)","(331, 105)","(332, 103)","(334, 102)","(335, 102)","(337, 100)","(338, 100)","(339, 99)","(341, 99)","(342, 97)","(344, 96)","(346, 96)","(347, 95)","(349, 95)","(350, 93)","(351, 93)","(353, 92)","(354, 92)","(356, 90)","(357, 90)","(359, 90)","(360, 89)","(362, 89)","(364, 87)","(365, 86)","(366, 86)","(368, 86)","(370, 85)","(372, 85)","(373, 85)","(374, 85)","(376, 83)","(378, 83)","(380, 83)","(381, 83)","(382, 83)","(385, 83)","(386, 82)","(388, 82)","(389, 82)","(391, 82)","(393, 82)","(395, 82)","(397, 80)","(399, 80)","(400, 80)","(401, 79)","(403, 79)","(404, 79)","(406, 79)","(407, 79)","(409, 79)","(411, 79)","(412, 79)","(414, 79)","(415, 79)","(417, 79)","(418, 79)","(420, 79)","(422, 79)","(423, 79)","(424, 79)","(426, 79)","(427, 79)","(429, 79)","(431, 79)","(432, 79)","(434, 79)"
"(649, 66)","(649, 67)","(650, 67)","(650, 68)","(651, 68)","(651, 69)","(651, 70)","(652, 71)","(652, 72)","(653, 72)","(655, 74)","(655, 75)","(656, 75)","(657, 76)","(658, 76)","(658, 77)","(659, 77)","(659, 78)","(661, 78)","(662, 78)","(662, 80)","(663, 80)","(665, 81)","(666, 81)","(668, 81)","(668, 83)","(669, 83)","(670, 84)","(672, 84)","(672, 85)","(673, 85)","(674, 87)","(676, 88)","(677, 88)","(677, 89)","(678, 89)","(678, 91)","(680, 92)","(681, 94)","(683, 95)","(684, 95)","(684, 96)","(685, 96)","(687, 98)","(688, 99)","(688, 100)","(689, 100)","(689, 102)","(691, 102)","(691, 103)","(691, 104)","(692, 104)","(692, 106)","(692, 107)","(693, 108)","(695, 110)","(696, 111)","(697, 112)","(697, 114)","(699, 115)","(699, 117)","(700, 118)","(702, 120)","(702, 121)","(703, 121)","(705, 123)","(705, 124)","(705, 125)","(706, 127)","(706, 128)","(706, 129)","(707, 129)","(707, 131)","(707, 132)","(709, 134)","(710, 135)","(710, 136)","(711, 136)","(711, 138)","(713, 139)","(714, 140)","(714, 142)","(714, 143)","(715, 144)","(715, 146)","(717, 147)","(717, 148)","(718, 150)","(718, 151)","(720, 153)","(721, 154)","(722, 155)","(722, 157)","(724, 159)","(724, 160)","(724, 162)","(724, 163)","(725, 163)","(725, 164)","(727, 166)","(727, 168)","(727, 170)","(728, 171)","(728, 173)","(730, 175)","(730, 177)","(731, 178)","(731, 181)","(731, 183)","(733, 184)","(733, 187)","(733, 189)","(733, 190)","(733, 192)","(733, 193)","(733, 195)","(733, 196)","(734, 196)","(734, 198)","(735, 199)","(735, 201)","(735, 202)","(735, 204)","(735, 205)","(735, 207)","(735, 208)","(735, 210)","(735, 211)","(735, 213)","(735, 214)","(735, 215)","(735, 218)","(735, 219)","(735, 221)","(735, 223)"
"(29, 387)","(29, 388)","(29, 389)","(29, 390)","(29, 391)","(30, 391)","(30, 392)","(29, 392)","(29, 394)","(29, 395)","(30, 396)","(31, 397)","(31, 398)","(33, 400)","(33, 401)","(33, 402)","(33, 403)","(33, 405)","(34, 405)","(34, 406)","(34, 407)","(34, 409)","(34, 410)","(34, 411)","(34, 413)","(34, 414)","(35, 414)","(35, 415)","(37, 417)","(37, 418)","(38, 418)","(38, 419)","(39, 419)","(41, 421)","(41, 422)","(42, 422)","(42, 423)","(43, 423)","(43, 425)","(45, 426)","(46, 427)","(46, 429)","(47, 429)","(47, 430)","(49, 431)","(50, 433)","(51, 434)","(53, 435)","(53, 437)","(54, 438)","(54, 439)","(55, 439)","(55, 441)","(57, 442)","(57, 443)","(58, 445)","(58, 446)","(59, 448)","(59, 449)","(61, 449)","(61, 450)","(62, 452)","(64, 452)","(64, 453)","(65, 454)","(67, 456)","(67, 458)","(68, 459)","(69, 459)","(71, 461)","(73, 462)","(73, 463)","(74, 465)","(76, 465)","(77, 466)","(79, 468)","(79, 469)","(80, 469)","(80, 470)","(82, 472)","(83, 472)","(83, 473)","(84, 475)","(86, 475)","(86, 476)","(87, 476)","(87, 478)","(89, 479)","(90, 480)","(91, 482)","(93, 483)","(94, 483)","(96, 485)","(97, 486)","(98, 487)","(100, 487)","(100, 489)","(101, 489)","(102, 490)","(102, 491)","(104, 493)","(105, 494)","(105, 495)","(106, 497)","(108, 497)","(108, 498)","(109, 498)","(109, 499)","(110, 501)","(110, 502)","(112, 503)","(113, 505)","(115, 506)","(116, 506)","(117, 508)","(119, 509)","(120, 510)","(121, 510)","(123, 512)","(124, 513)","(126, 513)","(127, 515)","(129, 516)","(131, 518)","(134, 520)","(135, 521)","(137, 523)","(139, 524)","(139, 525)","(140, 525)","(140, 527)","(142, 528)","(142, 530)","(143, 530)","(144, 531)","(146, 533)","(148, 533)","(150, 534)","(152, 536)","(153, 536)","(155, 537)","(156, 539)","(158, 540)","(159, 542)","(161, 542)","(161, 543)","(162, 543)","(162, 544)","(164, 544)","(165, 544)","(166, 546)","(168, 546)","(169, 546)","(171, 547)","(172, 547)","(173, 547)","(175, 547)","(176, 547)","(176, 549)","(177, 549)","(179, 549)","(180, 549)","(182, 550)","(183, 550)","(184, 550)","(186, 550)"
